[
    {
        "taskId": 1,
        "task": "Task 1",
        "parentId": 1,
        "parentTaskName": "Parent Task 1",
        "priority": 10,
        "startDateStr": "2019-01-09",
        "endDateStr": "2019-01-08",
        "deleteFlag": "N"
    },
    {
        "taskId": 2,
        "task": "Task 2",
        "parentId": 1,
        "parentTaskName": "Parent Task 2",
        "priority": 20,
        "startDateStr": "2019-01-07",
        "endDateStr": "2019-01-06",
        "deleteFlag": "N"
    },
    {
        "taskId": 3,
        "task": "Task 3",
        "parentId": 1,
        "parentTaskName": "Parent Task 3",
        "priority": 30,
        "startDateStr": "2019-01-05",
        "endDateStr": "2019-01-04",
        "deleteFlag": "N"
    }
]